target_gene,condition,n_sig_proteins,self_padj,self_lfc
JAK2,Co-culture,11,,
IFNGR1,Co-culture,10,2.2697813587340563e-87,-2.6150338649749756
STAT1,Co-culture,10,,
IFNGR2,Co-culture,10,,
JAK1,Co-culture,9,,
CD44,Co-culture,8,2.892989488862871e-20,-1.6621242761611938
CD44,IFNγ,8,3.666072010710196e-06,-0.8576155304908752
CTSD,Control,6,,
IFNGR1,IFNγ,6,1.8173195719168827e-08,-0.6568803787231445
NPC1,Co-culture,5,,
TXNDC17,IFNγ,5,,
IFNGR2,IFNγ,5,,
HLA-B,Co-culture,5,,
STAT1,IFNγ,5,,
KLF4,Control,5,,
B2M,Co-culture,5,,
TAPBP,IFNγ,4,,
TPRKB,Co-culture,4,,
SSR2,IFNγ,4,,
CD44,Control,4,3.5935155984895756e-11,-1.3815685510635376
SSR2,Co-culture,4,,
POLD2,IFNγ,4,,
SSR2,Control,3,,
PABPC1,Control,3,,
CTPS1,Co-culture,3,,
JAK1,IFNγ,3,,
JAK2,IFNγ,3,,
CDK6,Control,3,,
AHNAK,IFNγ,3,,
EIF4A1,Control,3,,
TXNDC17,Control,3,,
NACA,Co-culture,2,,
STAT3,IFNγ,2,,
HLA-E,Co-culture,2,2.2555652992246595e-06,-2.2968080043792725
EIF3K,Co-culture,2,,
CCND1,Control,2,,
HLA-A,IFNγ,2,0.014066338275493343,-0.26401811838150024
TXNDC17,Co-culture,2,,
MDH2,Co-culture,2,,
IFNGR1,Control,2,2.1647247330785027e-12,-1.001957893371582
B2M,IFNγ,2,,
CD47,Co-culture,2,9.384956660830021e-86,-2.7154557704925537
HLA-H,Co-culture,2,,
HLA-C,Co-culture,2,,
CD58,Control,2,3.9833510144076516e-50,-2.8691577911376953
TAPBP,Co-culture,2,,
STX7,IFNγ,2,,
PAICS,IFNγ,2,,
STAT3,Control,1,,
CDK6,IFNγ,1,,
ITGA3,Control,1,,
PET100,IFNγ,1,,
SEC11C,IFNγ,1,,
PTMA,Co-culture,1,,
B2M,Control,1,,
LAMP2,Co-culture,1,,
CD59,Co-culture,1,3.749992605793234e-30,-1.3201984167099
TAPBP,Control,1,,
PFN1,IFNγ,1,,
ITGA3,IFNγ,1,,
TM4SF1,Co-culture,1,,
CD47,IFNγ,1,2.4219780366663918e-92,-2.0031635761260986
NPC1,IFNγ,1,,
NONO,IFNγ,1,,
CD274,Control,1,3.0106861955604916e-14,-1.5102310180664062
MRPL47,Co-culture,1,,
SNHG6,IFNγ,1,,
HLA-A,Control,1,0.006742460945192506,-0.37482738494873047
MDH2,Control,1,,
SDCBP,IFNγ,1,,
CD274,Co-culture,1,4.663526525959798e-97,-3.2099575996398926
A2M,IFNγ,1,,
DNMT1,IFNγ,1,,
CD58,Co-culture,1,1.4648878938428473e-90,-3.0288772583007812
CORO1A,Control,1,,
CDH19,IFNγ,1,,
HNRNPA1,Co-culture,1,,
BOLA2B,Co-culture,1,,
CD47,Control,1,1.7907074185986173e-42,-1.9524825811386108
GPI,IFNγ,1,,
LY96,Co-culture,1,,
CD58,IFNγ,1,1.4071914841629369e-71,-2.5206758975982666
LRRC75A-AS1,Control,1,,
AEBP1,IFNγ,1,,
ITGA3,Co-culture,1,,
AHNAK,Co-culture,1,,
HLA-B,IFNγ,1,,
CD59,IFNγ,1,1.7352339505951203e-35,-1.1586523056030273
CDKN2B,IFNγ,1,,
HNRNPA1,IFNγ,1,,
CD59,Control,1,1.8249851891706345e-20,-1.2021291255950928
HLA-C,IFNγ,1,,
NPC2,Co-culture,1,,
CKS1B,Control,1,,
CD274,IFNγ,1,3.1947766535782108e-111,-2.7477574348449707
ACSL3,Co-culture,1,,
CCND1,Co-culture,1,,
IDH2,Co-culture,1,,
CST3,Co-culture,0,,
IRF4,Co-culture,0,,
CDKN2A,Co-culture,0,,
CCND2,Co-culture,0,,
SLC26A2,Co-culture,0,,
DAG1,Co-culture,0,,
SHMT2,Co-culture,0,,
SAE1,IFNγ,0,,
CCT3,IFNγ,0,,
EIF4A1,IFNγ,0,,
ARMC6,IFNγ,0,,
FRZB,IFNγ,0,,
VDAC2,Co-culture,0,,
KLF4,Co-culture,0,,
NEAT1,Co-culture,0,,
HNRNPC,IFNγ,0,,
PET100,Co-culture,0,,
TIMP1,Co-culture,0,,
KCNN4,Co-culture,0,,
TYR,Co-culture,0,,
CD151,Co-culture,0,,
LGALS3,Co-culture,0,,
DLL3,Co-culture,0,,
TMEM173,Co-culture,0,,
SPINT1,Co-culture,0,,
ST3GAL6-AS1,Co-culture,0,,
NT5E,Co-culture,0,,
SERPINA3,Co-culture,0,,
GPNMB,Co-culture,0,,
CYP27A1,Co-culture,0,,
A2M,Co-culture,0,,
TGFB1,Co-culture,0,,
CTSL,Co-culture,0,,
RNF213,Co-culture,0,,
PSAP,Co-culture,0,,
CTSD,Co-culture,0,,
IRF3,Co-culture,0,,
RAB27A,Co-culture,0,,
JMJD7,Co-culture,0,,
GSN,Co-culture,0,,
DNMT1,Co-culture,0,,
CITED1,Co-culture,0,,
DDR1,IFNγ,0,,
ST3GAL6-AS1,IFNγ,0,,
GPATCH4,IFNγ,0,,
HLA-H,IFNγ,0,,
P2RX4,IFNγ,0,,
WBP2,IFNγ,0,,
STOM,IFNγ,0,,
SINHCAF,IFNγ,0,,
SET,IFNγ,0,,
ATP5MD,IFNγ,0,,
SHMT2,IFNγ,0,,
CTSL,IFNγ,0,,
SERPINF1,IFNγ,0,,
SMAD3,IFNγ,0,,
KLF4,IFNγ,0,,
SP100,IFNγ,0,,
LCP1,IFNγ,0,,
SERPINA3,IFNγ,0,,
XAGE1A,IFNγ,0,,
CCND1,IFNγ,0,,
MDH2,IFNγ,0,,
RNF213,IFNγ,0,,
APOE,IFNγ,0,,
CITED1,IFNγ,0,,
SLC7A5P1,IFNγ,0,,
GSN,IFNγ,0,,
CXCR4,IFNγ,0,0.6381382002646036,0.16455622017383575
RRS1,IFNγ,0,,
MRPL47,IFNγ,0,,
ILF2,IFNγ,0,,
ISYNA1,IFNγ,0,,
PSMB8-AS1,IFNγ,0,,
PPIA,IFNγ,0,,
SOX4,IFNγ,0,,
SPINT1,IFNγ,0,,
PROS1,IFNγ,0,,
SLC19A1,IFNγ,0,,
MT2A,IFNγ,0,,
BOLA2B,IFNγ,0,,
C1QBP,IFNγ,0,,
NACA,IFNγ,0,,
ROMO1,IFNγ,0,,
MYC,IFNγ,0,,
TMED10,IFNγ,0,,
TPRKB,IFNγ,0,,
PSAP,IFNγ,0,,
SNRPG,IFNγ,0,,
PIK3IP1,IFNγ,0,,
FTH1,IFNγ,0,,
RAB27A,IFNγ,0,,
NDUFA13,IFNγ,0,,
SERPINE2,IFNγ,0,,
UBC,IFNγ,0,,
FBL,IFNγ,0,,
HLA-DRB5,IFNγ,0,,
GAS5,IFNγ,0,,
LGALS3,IFNγ,0,,
KCNN4,IFNγ,0,,
TIMP2,IFNγ,0,,
RPSA,IFNγ,0,,
TOP1MT,IFNγ,0,,
FOS,IFNγ,0,,
CST3,IFNγ,0,,
PRELID3B,IFNγ,0,,
DDX39A,IFNγ,0,,
MIA,IFNγ,0,,
HLA-E,IFNγ,0,0.06448736551581288,-0.5244541168212891
AGA,IFNγ,0,,
NPC2,IFNγ,0,,
CTSO,IFNγ,0,,
CCR10,Co-culture,0,,
UCN2,IFNγ,0,,
CCR10,IFNγ,0,,
CDH19,Co-culture,0,,
LRRC75A-AS1,Co-culture,0,,
DDX17,Co-culture,0,,
TFAP2A,Co-culture,0,,
STAT3,Co-culture,0,,
APOE,Co-culture,0,,
SLC22A18,Co-culture,0,,
CHCHD2,Co-culture,0,,
TP53,Co-culture,0,,
MFGE8,Co-culture,0,,
XAGE1A,Co-culture,0,,
UBC,Co-culture,0,,
MT2A,Co-culture,0,,
CSPG4,Co-culture,0,,
MC1R,Co-culture,0,,
BOLA2,Co-culture,0,,
P2RX4,Co-culture,0,,
ATP5MD,Co-culture,0,,
APOD,Co-culture,0,,
SLIRP,Co-culture,0,,
FGFR1,Co-culture,0,,
CMSS1,Co-culture,0,,
GAA,Co-culture,0,,
C6orf226,Co-culture,0,,
ACTA2,Co-culture,0,,
TRIM22,Co-culture,0,,
RRS1,Co-culture,0,,
NCL,Co-culture,0,,
WBP2,Co-culture,0,,
JPT1,Co-culture,0,,
RPSA,Co-culture,0,,
TPP1,Co-culture,0,,
SERPINE2,Co-culture,0,,
CTSO,Co-culture,0,,
CDK6,Co-culture,0,,
TAPBPL,Co-culture,0,,
VAT1,Co-culture,0,,
E2F1,Co-culture,0,,
C19orf48,Co-culture,0,,
TIMP3,Co-culture,0,,
CD63,Co-culture,0,,
HASPIN,Co-culture,0,,
HNRNPC,Co-culture,0,,
FOXM1,Co-culture,0,,
HLA-B,Control,0,,
ILF2,Co-culture,0,,
EIF4A1,Co-culture,0,,
CDC123,Co-culture,0,,
HLA-F,Co-culture,0,,
TMED10,Co-culture,0,,
FTH1,Co-culture,0,,
MYC,Co-culture,0,,
PRELID3B,Co-culture,0,,
PAICS,Co-culture,0,,
PUF60,Co-culture,0,,
RUVBL2,Co-culture,0,,
EEF1G,Co-culture,0,,
SAE1,Co-culture,0,,
CCT3,Co-culture,0,,
FKBP4,Co-culture,0,,
MIA,Co-culture,0,,
LCP1,Co-culture,0,,
S100A6,Co-culture,0,,
EEA1,Co-culture,0,,
FBL,Co-culture,0,,
SEC11C,Co-culture,0,,
UQCRH,Co-culture,0,,
LINC00518,Co-culture,0,,
NDUFA13,Co-culture,0,,
LEF1-AS1,Co-culture,0,,
PIK3IP1,Co-culture,0,,
SLC7A5P1,Co-culture,0,,
ARMC6,Co-culture,0,,
TOP1MT,Co-culture,0,,
ROMO1,Co-culture,0,,
SINHCAF,Co-culture,0,,
PSMB8-AS1,Co-culture,0,,
LRPAP1,Co-culture,0,,
UQCRFS1,Co-culture,0,,
PABPC1,Co-culture,0,,
FRZB,Co-culture,0,,
RNASEH2A,Co-culture,0,,
SGK1,Co-culture,0,,
RB1,Co-culture,0,,
SAT1,Co-culture,0,,
APOC2,Co-culture,0,,
SNRPG,Co-culture,0,,
SP100,Co-culture,0,,
CTSB,Co-culture,0,,
NME1,Co-culture,0,,
NGFR,Co-culture,0,,
SDC3,Co-culture,0,,
NONO,Co-culture,0,,
POLD2,Co-culture,0,,
WNT7A,Co-culture,0,,
AGA,Co-culture,0,,
CORO1A,Co-culture,0,,
EMP1,Co-culture,0,,
CKS1B,Co-culture,0,,
TTLL1,Co-culture,0,,
NUP50-AS1,Co-culture,0,,
AEBP1,Co-culture,0,,
SPESP1,Co-culture,0,,
CXCR4,Co-culture,0,0.8394291122513846,0.12828092277050018
SLC19A1,Co-culture,0,,
HSPA1A,Co-culture,0,,
PPA1,Co-culture,0,,
HLA-DRB5,Co-culture,0,,
PROS1,Co-culture,0,,
TIMM50,IFNγ,0,,
DDR1,Co-culture,0,,
PFDN4,Co-culture,0,,
BZW2,Co-culture,0,,
UCN2,Co-culture,0,,
ENPP1,Co-culture,0,,
DDX39A,Co-culture,0,,
STX7,Co-culture,0,,
PYGB,Co-culture,0,,
SLC25A13,Co-culture,0,,
RBP7,Co-culture,0,,
FBXO32,Co-culture,0,,
SCARB2,Co-culture,0,,
KDR,Co-culture,0,0.6053044426052507,-0.7721754312515259
CDKN1A,Co-culture,0,,
SET,Co-culture,0,,
SOX4,Co-culture,0,,
C1QBP,Co-culture,0,,
FMN1,Co-culture,0,,
ST6GALNAC2,Co-culture,0,,
GRN,Co-culture,0,,
PPIA,Co-culture,0,,
NSG1,Co-culture,0,,
CDK4,Co-culture,0,,
SMAD4,Co-culture,0,,
ISYNA1,Co-culture,0,,
GPATCH4,Co-culture,0,,
EVA1A,Co-culture,0,,
TSC22D3,Co-culture,0,,
FSTL3,Co-culture,0,,
S100B,Co-culture,0,,
GSEC,Co-culture,0,,
GPI,Co-culture,0,,
NMRK1,Co-culture,0,,
TIMM50,Co-culture,0,,
TIMP2,Co-culture,0,,
GAS5,Co-culture,0,,
STOM,Co-culture,0,,
HLA-A,Co-culture,0,0.9886449143685152,-0.059825390577316284
ATP1B1,Co-culture,0,,
SNHG6,Co-culture,0,,
CGAS,Co-culture,0,,
FOS,Co-culture,0,,
CDKN2B,Co-culture,0,,
IDI2-AS1,Co-culture,0,,
NOLC1,Co-culture,0,,
SMAD3,Co-culture,0,,
CTSA,Co-culture,0,,
SERPINF1,Co-culture,0,,
SDCBP,Co-culture,0,,
SLC5A3,Co-culture,0,,
RTP4,Co-culture,0,,
NPC1,Control,0,,
NSG1,Control,0,,
RBP7,Control,0,,
CDK4,Control,0,,
SCARB2,Control,0,,
FSTL3,Control,0,,
DDR1,Control,0,,
SERPINF1,Control,0,,
JPT1,Control,0,,
CD63,IFNγ,0,,
JMJD7,Control,0,,
AEBP1,Control,0,,
FGFR1,Control,0,,
PYGB,Control,0,,
CMSS1,Control,0,,
ARMC6,Control,0,,
FOXM1,Control,0,,
NPC2,Control,0,,
S100B,Control,0,,
AGA,Control,0,,
NEAT1,Control,0,,
APOD,Control,0,,
TIMM50,Control,0,,
SLC5A3,Control,0,,
BOLA2,Control,0,,
SET,Control,0,,
SLC22A18,Control,0,,
TMEM173,Control,0,,
WNT7A,Control,0,,
LEF1-AS1,Control,0,,
SLC26A2,Control,0,,
SGK1,Control,0,,
P2RX4,Control,0,,
AHNAK,Control,0,,
PROS1,Control,0,,
EVA1A,Control,0,,
MC1R,Control,0,,
FBL,Control,0,,
LCP1,Control,0,,
LY96,Control,0,,
TTLL1,Control,0,,
S100A6,Control,0,,
CGAS,Control,0,,
TP53,Control,0,,
E2F1,Control,0,,
GPATCH4,Control,0,,
STOM,Control,0,,
C19orf48,Control,0,,
IFNGR2,Control,0,,
ST6GALNAC2,Control,0,,
SHMT2,Control,0,,
SNHG6,Control,0,,
RPSA,Control,0,,
HLA-H,Control,0,,
DDX39A,Control,0,,
ILF2,Control,0,,
CTSL,Control,0,,
NOLC1,Control,0,,
SMAD3,Control,0,,
RNF213,Control,0,,
PFN1,Control,0,,
DNMT1,Control,0,,
SDCBP,Control,0,,
DLL3,Control,0,,
FKBP4,Control,0,,
PSMB8-AS1,Control,0,,
CDH19,Control,0,,
CDKN2A,Control,0,,
LGALS3,Control,0,,
ENPP1,Control,0,,
SLIRP,Control,0,,
HLA-C,Control,0,,
TMED10,Control,0,,
KDR,Control,0,0.7058022467794053,-0.392278254032135
CD151,Control,0,,
HLA-E,Control,0,0.8906995345459414,-0.18329082429409027
RNASEH2A,Control,0,,
EIF3K,Control,0,,
SEC11C,Control,0,,
SPINT1,Control,0,,
CTPS1,Control,0,,
BOLA2B,Control,0,,
CSPG4,Control,0,,
TM4SF1,Control,0,,
IRF3,Control,0,,
GRN,Control,0,,
CCR10,Control,0,,
JAK2,Control,0,,
TSC22D3,Control,0,,
CTSA,Control,0,,
TIMP1,Control,0,,
FBXO32,Control,0,,
A2M,Control,0,,
CTSO,Control,0,,
TFAP2A,Control,0,,
SLC7A5P1,Control,0,,
TYR,Control,0,,
VDAC2,Control,0,,
GSN,Control,0,,
IDI2-AS1,Control,0,,
RB1,Control,0,,
SOX4,Control,0,,
PFN1,Co-culture,0,,
LGALS3BP,Co-culture,0,,
CDKN1A,Control,0,,
EMP1,Control,0,,
CD63,Control,0,,
PIK3IP1,Control,0,,
SPESP1,Control,0,,
PPIA,Control,0,,
SAT1,Control,0,,
PUF60,Control,0,,
TPP1,Control,0,,
NUP50-AS1,Control,0,,
DDX17,Control,0,,
HNRNPA1,Control,0,,
CXCR4,Control,0,0.9921488210779884,-0.03060387633740902
ACTA2,Control,0,,
NDUFA13,Control,0,,
KCNN4,Control,0,,
PFDN4,Control,0,,
UQCRH,Control,0,,
POLD2,Control,0,,
VAT1,Control,0,,
TIMP3,Control,0,,
APOC2,Control,0,,
IDH2,Control,0,,
GSEC,Control,0,,
STX7,Control,0,,
HLA-F,Control,0,,
XAGE1A,Control,0,,
UCN2,Control,0,,
C6orf226,Control,0,,
CITED1,Control,0,,
SP100,Control,0,,
ST3GAL6-AS1,Control,0,,
TOP1MT,Control,0,,
FMN1,Control,0,,
NMRK1,Control,0,,
TGFB1,Control,0,,
HSPA1A,Control,0,,
PSAP,Control,0,,
CCND2,Control,0,,
GAA,Control,0,,
MIA,Control,0,,
C1QBP,Control,0,,
CTSB,Control,0,,
NGFR,Control,0,,
CYP27A1,Control,0,,
LINC00518,Control,0,,
CST3,Control,0,,
JAK1,Control,0,,
HLA-DRB5,Control,0,,
GAS5,Control,0,,
SERPINE2,Control,0,,
APOE,Control,0,,
SDC3,Control,0,,
WBP2,Control,0,,
NONO,Control,0,,
MFGE8,Control,0,,
TAPBPL,Control,0,,
PTMA,Control,0,,
GPNMB,Control,0,,
MRPL47,Control,0,,
RTP4,Control,0,,
APOD,IFNγ,0,,
TP53,IFNγ,0,,
TIMP1,IFNγ,0,,
MFGE8,IFNγ,0,,
WNT7A,IFNγ,0,,
VDAC2,IFNγ,0,,
GRN,IFNγ,0,,
LINC00518,IFNγ,0,,
SCARB2,IFNγ,0,,
NME1,Control,0,,
HSPA1A,IFNγ,0,,
NT5E,IFNγ,0,,
CTSB,IFNγ,0,,
EIF3K,IFNγ,0,,
TPP1,IFNγ,0,,
HASPIN,IFNγ,0,,
DDX17,IFNγ,0,,
LY96,IFNγ,0,,
PABPC1,IFNγ,0,,
DLL3,IFNγ,0,,
PPA1,IFNγ,0,,
CDK4,IFNγ,0,,
CHCHD2,IFNγ,0,,
CCND2,IFNγ,0,,
BOLA2,IFNγ,0,,
JMJD7,IFNγ,0,,
FOXM1,IFNγ,0,,
PYGB,IFNγ,0,,
IDI2-AS1,IFNγ,0,,
TRIM22,IFNγ,0,,
APOC2,IFNγ,0,,
SLC22A18,IFNγ,0,,
TFAP2A,IFNγ,0,,
RUVBL2,IFNγ,0,,
CGAS,IFNγ,0,,
VAT1,IFNγ,0,,
EVA1A,IFNγ,0,,
DAG1,IFNγ,0,,
NGFR,IFNγ,0,,
LRRC75A-AS1,IFNγ,0,,
NCL,IFNγ,0,,
RAB27A,Control,0,,
LRPAP1,IFNγ,0,,
CDC123,IFNγ,0,,
RB1,IFNγ,0,,
KDR,IFNγ,0,0.7845606958754541,-0.285448282957077
TSC22D3,IFNγ,0,,
HLA-F,IFNγ,0,,
TM4SF1,IFNγ,0,,
TYR,IFNγ,0,,
EEA1,IFNγ,0,,
IDH2,IFNγ,0,,
TAPBPL,IFNγ,0,,
FGFR1,IFNγ,0,,
EEF1G,IFNγ,0,,
NEAT1,IFNγ,0,,
PFDN4,IFNγ,0,,
UQCRFS1,IFNγ,0,,
SDC3,IFNγ,0,,
RNASEH2A,IFNγ,0,,
CD151,IFNγ,0,,
FBXO32,IFNγ,0,,
IRF3,IFNγ,0,,
FSTL3,IFNγ,0,,
ACTA2,IFNγ,0,,
JPT1,IFNγ,0,,
CDKN2A,IFNγ,0,,
MC1R,IFNγ,0,,
ST6GALNAC2,IFNγ,0,,
TIMP3,IFNγ,0,,
S100A6,IFNγ,0,,
TTLL1,IFNγ,0,,
GPNMB,IFNγ,0,,
C6orf226,IFNγ,0,,
FKBP4,IFNγ,0,,
CMSS1,IFNγ,0,,
NME1,IFNγ,0,,
RBP7,IFNγ,0,,
NOLC1,IFNγ,0,,
CTSA,IFNγ,0,,
ATP1B1,IFNγ,0,,
ENPP1,IFNγ,0,,
UQCRH,IFNγ,0,,
IRF4,Control,0,,
STAT1,Control,0,,
ACSL3,Control,0,,
ATP5MD,Control,0,,
CCT3,Control,0,,
HNRNPC,Control,0,,
FRZB,Control,0,,
MT2A,Control,0,,
PPA1,Control,0,,
SGK1,IFNγ,0,,
UBC,Control,0,,
HASPIN,Control,0,,
PAICS,Control,0,,
FTH1,Control,0,,
ATP1B1,Control,0,,
NCL,Control,0,,
SINHCAF,Control,0,,
ROMO1,Control,0,,
RUVBL2,Control,0,,
TPRKB,Control,0,,
TRIM22,Control,0,,
EEA1,Control,0,,
PET100,Control,0,,
LGALS3BP,Control,0,,
BZW2,Control,0,,
LAMP2,Control,0,,
ISYNA1,Control,0,,
LRPAP1,Control,0,,
SMAD4,Control,0,,
SERPINA3,Control,0,,
RRS1,Control,0,,
FOS,Control,0,,
DAG1,Control,0,,
CDKN2B,Control,0,,
CHCHD2,Control,0,,
SLC19A1,Control,0,,
SLC25A13,Control,0,,
CDC123,Control,0,,
TIMP2,Control,0,,
UQCRFS1,Control,0,,
NT5E,Control,0,,
NSG1,IFNγ,0,,
CTSD,IFNγ,0,,
SLC26A2,IFNγ,0,,
GAA,IFNγ,0,,
SPESP1,IFNγ,0,,
PUF60,IFNγ,0,,
TMEM173,IFNγ,0,,
IRF4,IFNγ,0,,
SLIRP,IFNγ,0,,
GPI,Control,0,,
SLC25A13,IFNγ,0,,
SMAD4,IFNγ,0,,
PTMA,IFNγ,0,,
SAT1,IFNγ,0,,
TGFB1,IFNγ,0,,
S100B,IFNγ,0,,
ACSL3,IFNγ,0,,
LAMP2,IFNγ,0,,
FMN1,IFNγ,0,,
CORO1A,IFNγ,0,,
CDKN1A,IFNγ,0,,
EEF1G,Control,0,,
SNRPG,Control,0,,
SAE1,Control,0,,
MYC,Control,0,,
PRELID3B,Control,0,,
NACA,Control,0,,
CSPG4,IFNγ,0,,
EMP1,IFNγ,0,,
NUP50-AS1,IFNγ,0,,
LEF1-AS1,IFNγ,0,,
CYP27A1,IFNγ,0,,
GSEC,IFNγ,0,,
E2F1,IFNγ,0,,
CKS1B,IFNγ,0,,
C19orf48,IFNγ,0,,
CTPS1,IFNγ,0,,
BZW2,IFNγ,0,,
NMRK1,IFNγ,0,,
LGALS3BP,IFNγ,0,,
RTP4,IFNγ,0,,
SLC5A3,IFNγ,0,,
